-- HIS 门诊医生站测试数据
-- 关联 PAT_MASTER_INDEX 内测试病人 (P00001 ~ P00010)
-- 关联 DEPT_DICT (D01~D08)、SYS_USER (1,2,3)、PRICE_LIST

-- ===== 1. 门诊病历记录 OUTP_MR =====
-- 为每个病人生成 1-3 次就诊记录，就诊日期覆盖 2026-01 至 2026-05

INSERT INTO HOSPITAL.OUTP_MR (PATIENT_ID, VISIT_DATE, VISIT_NO, ILLNESS_DESC, ANAMNESIS, FAMILY_ILL, MARRITAL, INDIVIDUDL, MENSES, MED_HISTORY, BODY_EXAM, DIAG_DESC, ADVICE, DOCTOR) VALUES
('P00001', TO_DATE('2026-01-15', 'YYYY-MM-DD'), 1, '咳嗽发热3天', '无高血压糖尿病史', '否认家族遗传病史', '已婚', '吸烟20年，每日1包', NULL, NULL, '体温38.5℃，咽部充血，双肺呼吸音粗，可闻及湿啰音', '急性支气管炎', '1.阿莫西林0.5g tid 2.布洛芬0.3g qd prn 3.多饮水，注意休息', '2');

INSERT INTO HOSPITAL.OUTP_MR (PATIENT_ID, VISIT_DATE, VISIT_NO, ILLNESS_DESC, ANAMNESIS, FAMILY_ILL, MARRITAL, INDIVIDUDL, MENSES, MED_HISTORY, BODY_EXAM, DIAG_DESC, ADVICE, DOCTOR) VALUES
('P00001', TO_DATE('2026-02-20', 'YYYY-MM-DD'), 1, '头晕乏力1周', '既往胃炎史', '父亲高血压，母亲糖尿病', '已婚', NULL, NULL, NULL, '血压145/95mmHg，心率92次/分，面色苍白', '高血压病1级', '1.低盐低脂饮食 2.适当运动 3.定期监测血压 4.必要时口服降压药', '1');

INSERT INTO HOSPITAL.OUTP_MR (PATIENT_ID, VISIT_DATE, VISIT_NO, ILLNESS_DESC, ANAMNESIS, FAMILY_ILL, MARRITAL, INDIVIDUDL, MENSES, MED_HISTORY, BODY_EXAM, DIAG_DESC, ADVICE, DOCTOR) VALUES
('P00002', TO_DATE('2026-01-20', 'YYYY-MM-DD'), 1, '右下腹痛2天', '无手术史', '否认', '未婚', NULL, '月经规律LMP:2026-01-10', NULL, '右下腹麦氏点压痛(+)，反跳痛(-)，Murphy征(-)', '急性阑尾炎待查', '1.血常规、腹部B超 2.必要时手术 3.暂禁食', '1');

INSERT INTO HOSPITAL.OUTP_MR (PATIENT_ID, VISIT_DATE, VISIT_NO, ILLNESS_DESC, ANAMNESIS, FAMILY_ILL, MARRITAL, INDIVIDUDL, MENSES, MED_HISTORY, BODY_EXAM, DIAG_DESC, ADVICE, DOCTOR) VALUES
('P00002', TO_DATE('2026-03-05', 'YYYY-MM-DD'), 1, '头痛鼻塞流涕3天', '无特殊', '否认', '未婚', NULL, NULL, NULL, '鼻腔黏膜充血，咽部轻度充血，体温37.2℃', '上呼吸道感染', '1.多休息 2.多饮水 3.布洛芬必要时 4.避免受凉', '2');

INSERT INTO HOSPITAL.OUTP_MR (PATIENT_ID, VISIT_DATE, VISIT_NO, ILLNESS_DESC, ANAMNESIS, FAMILY_ILL, MARRITAL, INDIVIDUDL, MENSES, MED_HISTORY, BODY_EXAM, DIAG_DESC, ADVICE, DOCTOR) VALUES
('P00003', TO_DATE('2026-02-10', 'YYYY-MM-DD'), 1, '腰痛伴左下肢放射痛1月', '无外伤史，长期久坐', '否认', '已婚', '久坐不动，缺乏运动', NULL, NULL, 'L4-L5椎旁压痛(+)，直腿抬高试验左45°(+)，感觉减退', '腰椎间盘突出症', '1.卧硬板床休息 2.物理治疗 3.避免弯腰负重 4.必要时M R I检查', '1');

INSERT INTO HOSPITAL.OUTP_MR (PATIENT_ID, VISIT_DATE, VISIT_NO, ILLNESS_DESC, ANAMNESIS, FAMILY_ILL, MARRITAL, INDIVIDUDL, MENSES, MED_HISTORY, BODY_EXAM, DIAG_DESC, ADVICE, DOCTOR) VALUES
('P00003', TO_DATE('2026-04-15', 'YYYY-MM-DD'), 1, '复诊：腰痛减轻，偶有麻木', NULL, NULL, NULL, NULL, NULL, NULL, NULL, '腰椎间盘突出症（恢复期）', '1.继续物理治疗 2.可逐步增加活动量 3.1月后复诊', '1');

INSERT INTO HOSPITAL.OUTP_MR (PATIENT_ID, VISIT_DATE, VISIT_NO, ILLNESS_DESC, ANAMNESIS, FAMILY_ILL, MARRITAL, INDIVIDUDL, MENSES, MED_HISTORY, BODY_EXAM, DIAG_DESC, ADVICE, DOCTOR) VALUES
('P00004', TO_DATE('2026-02-15', 'YYYY-MM-DD'), 1, '下肢浮肿1周，尿少3天', '既往肾炎史', '否认', '已婚', NULL, NULL, NULL, '双下肢凹陷性水肿(+)，血压160/100mmHg', '慢性肾小球肾炎急性发作', '1.低盐低蛋白饮食 2.卧床休息 3.利尿剂、降压药 4.定期复查尿常规', '3');

INSERT INTO HOSPITAL.OUTP_MR (PATIENT_ID, VISIT_DATE, VISIT_NO, ILLNESS_DESC, ANAMNESIS, FAMILY_ILL, MARRITAL, INDIVIDUDL, MENSES, MED_HISTORY, BODY_EXAM, DIAG_DESC, ADVICE, DOCTOR) VALUES
('P00004', TO_DATE('2026-04-02', 'YYYY-MM-DD'), 2, '复查：浮肿消退，尿蛋白阳性', NULL, NULL, NULL, NULL, NULL, NULL, NULL, '慢性肾炎（好转期）', '1.继续控制饮食 2.继续服药 3.2周后复查', '3');

INSERT INTO HOSPITAL.OUTP_MR (PATIENT_ID, VISIT_DATE, VISIT_NO, ILLNESS_DESC, ANAMNESIS, FAMILY_ILL, MARRITAL, INDIVIDUDL, MENSES, MED_HISTORY, BODY_EXAM, DIAG_DESC, ADVICE, DOCTOR) VALUES
('P00005', TO_DATE('2026-03-01', 'YYYY-MM-DD'), 1, '胸痛胸闷1月余，加重3天', '高血压病史10年，否认糖尿病', '父亲冠心病史', '已婚', '吸烟30年', NULL, '既往高血压间断服药', '心率88次/分，心律不齐，血压165/98mmHg', '冠状动脉粥样硬化性心脏病', '1.心电图 2.心脏超声 3.低脂饮食 4.规律服药控制血压 5.戒烟', '1');

INSERT INTO HOSPITAL.OUTP_MR (PATIENT_ID, VISIT_DATE, VISIT_NO, ILLNESS_DESC, ANAMNESIS, FAMILY_ILL, MARRITAL, INDIVIDUDL, MENSES, MED_HISTORY, BODY_EXAM, DIAG_DESC, ADVICE, DOCTOR) VALUES
('P00006', TO_DATE('2026-03-10', 'YYYY-MM-DD'), 1, '右膝关节肿痛1周', '既往类风湿关节炎病史', '否认', '已婚', NULL, NULL, NULL, '右膝关节红肿，皮温增高，浮髌试验(+)', '类风湿性关节炎急性发作', '1.布洛芬0.3g bid 2.注意保暖 3.避免负重行走 4.2周后复诊', '2');

INSERT INTO HOSPITAL.OUTP_MR (PATIENT_ID, VISIT_DATE, VISIT_NO, ILLNESS_DESC, ANAMNESIS, FAMILY_ILL, MARRITAL, INDIVIDUDL, MENSES, MED_HISTORY, BODY_EXAM, DIAG_DESC, ADVICE, DOCTOR) VALUES
('P00007', TO_DATE('2026-03-20', 'YYYY-MM-DD'), 1, '腹痛腹泻2天，伴恶心', '不洁饮食史', '否认', '未婚', NULL, 'LMP:2026-03-10', NULL, '腹软，脐周轻压痛，肠鸣音活跃', '急性胃肠炎', '1.清淡流质饮食 2.口服补液盐 3.阿莫西林0.5g tid 4.多休息', '2');

INSERT INTO HOSPITAL.OUTP_MR (PATIENT_ID, VISIT_DATE, VISIT_NO, ILLNESS_DESC, ANAMNESIS, FAMILY_ILL, MARRITAL, INDIVIDUDL, MENSES, MED_HISTORY, BODY_EXAM, DIAG_DESC, ADVICE, DOCTOR) VALUES
('P00007', TO_DATE('2026-04-28', 'YYYY-MM-DD'), 1, '口腔溃疡反复发作半年', '无特殊', '否认', '未婚', NULL, NULL, NULL, '口腔黏膜多处溃疡，直径2-4mm，周边充血', '复发性口腔溃疡', '1.口腔溃疡贴膜 2.维生素B2片10mg tid 3.避免辛辣食物', '1');

INSERT INTO HOSPITAL.OUTP_MR (PATIENT_ID, VISIT_DATE, VISIT_NO, ILLNESS_DESC, ANAMNESIS, FAMILY_ILL, MARRITAL, INDIVIDUDL, MENSES, MED_HISTORY, BODY_EXAM, DIAG_DESC, ADVICE, DOCTOR) VALUES
('P00008', TO_DATE('2026-04-05', 'YYYY-MM-DD'), 1, '眼花视力模糊半年，加重1月', '无糖尿病高血压史', '否认', '已婚', NULL, NULL, NULL, '视力右0.3 左0.4，双侧晶状体混浊', '老年性白内障', '1.定期眼科复查 2.必要时手术治疗 3.注意用眼卫生', '3');

INSERT INTO HOSPITAL.OUTP_MR (PATIENT_ID, VISIT_DATE, VISIT_NO, ILLNESS_DESC, ANAMNESIS, FAMILY_ILL, MARRITAL, INDIVIDUDL, MENSES, MED_HISTORY, BODY_EXAM, DIAG_DESC, ADVICE, DOCTOR) VALUES
('P00009', TO_DATE('2026-04-16', 'YYYY-MM-DD'), 1, '心悸失眠多梦2周', '工作压力大，经常加班', '母亲有焦虑症', '未婚', NULL, NULL, NULL, '心率92次/分，血压正常，精神紧张，情绪焦虑', '焦虑状态', '1.心理疏导 2.规律作息 3.适当运动 4.必要时抗焦虑药物', '2');

INSERT INTO HOSPITAL.OUTP_MR (PATIENT_ID, VISIT_DATE, VISIT_NO, ILLNESS_DESC, ANAMNESIS, FAMILY_ILL, MARRITAL, INDIVIDUDL, MENSES, MED_HISTORY, BODY_EXAM, DIAG_DESC, ADVICE, DOCTOR) VALUES
('P00010', TO_DATE('2026-05-06', 'YYYY-MM-DD'), 1, '咳嗽咯痰伴气促1周', '慢性支气管炎病史20年', '否认', '已婚', '吸烟40年，已戒5年', NULL, '慢性支气管炎反复发作，每年冬春季加重', '桶状胸，双肺呼吸音减弱，可闻及哮鸣音', '慢性阻塞性肺疾病（急性加重期）', '1.吸氧 2.头孢克肟0.1g bid 3.祛痰药 4.戒烟宣教 5.肺功能检查 6.1周后复诊', '1');

-- ===== 2. 门诊病人诊疗费用项目 OUTP_BILL_ITEMS_DOCTOR =====
-- 每位就诊产生约3项费用

-- P00001 2026-01-15 就诊费用
INSERT INTO HOSPITAL.OUTP_BILL_ITEMS_DOCTOR (VISIT_DATE, VISIT_NO, ITEM_NO, ITEM_CLASS, ITEM_CODE, ITEM_NAME, ITEM_SPEC, AMOUNT, UNITS, PERFORMED_BY, COSTS, CHARGES, DOCTOR_NO) VALUES
(TO_DATE('2026-01-15', 'YYYY-MM-DD'), 1, 1, '2', 'R001', '门诊挂号费', '普通号', 1, '次', 'D01', 5, 5, '2');
INSERT INTO HOSPITAL.OUTP_BILL_ITEMS_DOCTOR (VISIT_DATE, VISIT_NO, ITEM_NO, ITEM_CLASS, ITEM_CODE, ITEM_NAME, ITEM_SPEC, AMOUNT, UNITS, PERFORMED_BY, COSTS, CHARGES, DOCTOR_NO) VALUES
(TO_DATE('2026-01-15', 'YYYY-MM-DD'), 1, 2, '1', 'D001', '阿莫西林胶囊', '0.25g*24粒', 2, '盒', 'D08', 25, 25, '2');
INSERT INTO HOSPITAL.OUTP_BILL_ITEMS_DOCTOR (VISIT_DATE, VISIT_NO, ITEM_NO, ITEM_CLASS, ITEM_CODE, ITEM_NAME, ITEM_SPEC, AMOUNT, UNITS, PERFORMED_BY, COSTS, CHARGES, DOCTOR_NO) VALUES
(TO_DATE('2026-01-15', 'YYYY-MM-DD'), 1, 3, '1', 'D003', '布洛芬缓释胶囊', '0.3g*20粒', 1, '盒', 'D08', 15, 15, '2');

-- P00001 2026-02-20 就诊费用
INSERT INTO HOSPITAL.OUTP_BILL_ITEMS_DOCTOR (VISIT_DATE, VISIT_NO, ITEM_NO, ITEM_CLASS, ITEM_CODE, ITEM_NAME, ITEM_SPEC, AMOUNT, UNITS, PERFORMED_BY, COSTS, CHARGES, DOCTOR_NO) VALUES
(TO_DATE('2026-02-20', 'YYYY-MM-DD'), 1, 1, '2', 'R001', '门诊挂号费', '普通号', 1, '次', 'D01', 5, 5, '1');
INSERT INTO HOSPITAL.OUTP_BILL_ITEMS_DOCTOR (VISIT_DATE, VISIT_NO, ITEM_NO, ITEM_CLASS, ITEM_CODE, ITEM_NAME, ITEM_SPEC, AMOUNT, UNITS, PERFORMED_BY, COSTS, CHARGES, DOCTOR_NO) VALUES
(TO_DATE('2026-02-20', 'YYYY-MM-DD'), 1, 2, '3', 'C001', '血常规', '全血细胞分析', 1, '次', 'D02', 25, 25, '1');
INSERT INTO HOSPITAL.OUTP_BILL_ITEMS_DOCTOR (VISIT_DATE, VISIT_NO, ITEM_NO, ITEM_CLASS, ITEM_CODE, ITEM_NAME, ITEM_SPEC, AMOUNT, UNITS, PERFORMED_BY, COSTS, CHARGES, DOCTOR_NO) VALUES
(TO_DATE('2026-02-20', 'YYYY-MM-DD'), 1, 3, '3', 'C002', '肝功能检查', '全套', 1, '次', 'D02', 80, 80, '1');

-- P00002 2026-01-20 就诊费用
INSERT INTO HOSPITAL.OUTP_BILL_ITEMS_DOCTOR (VISIT_DATE, VISIT_NO, ITEM_NO, ITEM_CLASS, ITEM_CODE, ITEM_NAME, ITEM_SPEC, AMOUNT, UNITS, PERFORMED_BY, COSTS, CHARGES, DOCTOR_NO) VALUES
(TO_DATE('2026-01-20', 'YYYY-MM-DD'), 1, 1, '2', 'R001', '门诊挂号费', '普通号', 1, '次', 'D02', 5, 5, '1');
INSERT INTO HOSPITAL.OUTP_BILL_ITEMS_DOCTOR (VISIT_DATE, VISIT_NO, ITEM_NO, ITEM_CLASS, ITEM_CODE, ITEM_NAME, ITEM_SPEC, AMOUNT, UNITS, PERFORMED_BY, COSTS, CHARGES, DOCTOR_NO) VALUES
(TO_DATE('2026-01-20', 'YYYY-MM-DD'), 1, 2, '3', 'C001', '血常规', '全血细胞分析', 1, '次', 'D02', 25, 25, '1');
INSERT INTO HOSPITAL.OUTP_BILL_ITEMS_DOCTOR (VISIT_DATE, VISIT_NO, ITEM_NO, ITEM_CLASS, ITEM_CODE, ITEM_NAME, ITEM_SPEC, AMOUNT, UNITS, PERFORMED_BY, COSTS, CHARGES, DOCTOR_NO) VALUES
(TO_DATE('2026-01-20', 'YYYY-MM-DD'), 1, 3, '3', 'C002', '肝功能检查', '全套', 1, '次', 'D02', 80, 80, '1');

-- P00002 2026-03-05 就诊费用
INSERT INTO HOSPITAL.OUTP_BILL_ITEMS_DOCTOR (VISIT_DATE, VISIT_NO, ITEM_NO, ITEM_CLASS, ITEM_CODE, ITEM_NAME, ITEM_SPEC, AMOUNT, UNITS, PERFORMED_BY, COSTS, CHARGES, DOCTOR_NO) VALUES
(TO_DATE('2026-03-05', 'YYYY-MM-DD'), 1, 1, '2', 'R001', '门诊挂号费', '普通号', 1, '次', 'D01', 5, 5, '2');
INSERT INTO HOSPITAL.OUTP_BILL_ITEMS_DOCTOR (VISIT_DATE, VISIT_NO, ITEM_NO, ITEM_CLASS, ITEM_CODE, ITEM_NAME, ITEM_SPEC, AMOUNT, UNITS, PERFORMED_BY, COSTS, CHARGES, DOCTOR_NO) VALUES
(TO_DATE('2026-03-05', 'YYYY-MM-DD'), 1, 2, '1', 'D003', '布洛芬缓释胶囊', '0.3g*20粒', 1, '盒', 'D08', 15, 15, '2');

-- P00003 2026-02-10 就诊费用
INSERT INTO HOSPITAL.OUTP_BILL_ITEMS_DOCTOR (VISIT_DATE, VISIT_NO, ITEM_NO, ITEM_CLASS, ITEM_CODE, ITEM_NAME, ITEM_SPEC, AMOUNT, UNITS, PERFORMED_BY, COSTS, CHARGES, DOCTOR_NO) VALUES
(TO_DATE('2026-02-10', 'YYYY-MM-DD'), 1, 1, '2', 'R002', '专家门诊挂号费', '专家号', 1, '次', 'D08', 20, 20, '1');
INSERT INTO HOSPITAL.OUTP_BILL_ITEMS_DOCTOR (VISIT_DATE, VISIT_NO, ITEM_NO, ITEM_CLASS, ITEM_CODE, ITEM_NAME, ITEM_SPEC, AMOUNT, UNITS, PERFORMED_BY, COSTS, CHARGES, DOCTOR_NO) VALUES
(TO_DATE('2026-02-10', 'YYYY-MM-DD'), 1, 2, '1', 'D004', '盐酸曲马多片', '50mg*10片', 1, '盒', 'D08', 35, 35, '1');
INSERT INTO HOSPITAL.OUTP_BILL_ITEMS_DOCTOR (VISIT_DATE, VISIT_NO, ITEM_NO, ITEM_CLASS, ITEM_CODE, ITEM_NAME, ITEM_SPEC, AMOUNT, UNITS, PERFORMED_BY, COSTS, CHARGES, DOCTOR_NO) VALUES
(TO_DATE('2026-02-10', 'YYYY-MM-DD'), 1, 3, '3', 'C002', '肝功能检查', '全套', 1, '次', 'D02', 80, 80, '1');

-- P00003 2026-04-15 复诊费用
INSERT INTO HOSPITAL.OUTP_BILL_ITEMS_DOCTOR (VISIT_DATE, VISIT_NO, ITEM_NO, ITEM_CLASS, ITEM_CODE, ITEM_NAME, ITEM_SPEC, AMOUNT, UNITS, PERFORMED_BY, COSTS, CHARGES, DOCTOR_NO) VALUES
(TO_DATE('2026-04-15', 'YYYY-MM-DD'), 1, 1, '2', 'R001', '门诊挂号费', '普通号', 1, '次', 'D08', 5, 5, '1');

-- P00004 2026-02-15 就诊费用
INSERT INTO HOSPITAL.OUTP_BILL_ITEMS_DOCTOR (VISIT_DATE, VISIT_NO, ITEM_NO, ITEM_CLASS, ITEM_CODE, ITEM_NAME, ITEM_SPEC, AMOUNT, UNITS, PERFORMED_BY, COSTS, CHARGES, DOCTOR_NO) VALUES
(TO_DATE('2026-02-15', 'YYYY-MM-DD'), 1, 1, '2', 'R002', '专家门诊挂号费', '专家号', 1, '次', 'D01', 20, 20, '3');
INSERT INTO HOSPITAL.OUTP_BILL_ITEMS_DOCTOR (VISIT_DATE, VISIT_NO, ITEM_NO, ITEM_CLASS, ITEM_CODE, ITEM_NAME, ITEM_SPEC, AMOUNT, UNITS, PERFORMED_BY, COSTS, CHARGES, DOCTOR_NO) VALUES
(TO_DATE('2026-02-15', 'YYYY-MM-DD'), 1, 2, '3', 'C001', '血常规', '全血细胞分析', 1, '次', 'D02', 25, 25, '3');
INSERT INTO HOSPITAL.OUTP_BILL_ITEMS_DOCTOR (VISIT_DATE, VISIT_NO, ITEM_NO, ITEM_CLASS, ITEM_CODE, ITEM_NAME, ITEM_SPEC, AMOUNT, UNITS, PERFORMED_BY, COSTS, CHARGES, DOCTOR_NO) VALUES
(TO_DATE('2026-02-15', 'YYYY-MM-DD'), 1, 3, '3', 'C002', '肝功能检查', '全套', 1, '次', 'D02', 80, 80, '3');

-- P00004 2026-04-02 复诊费用
INSERT INTO HOSPITAL.OUTP_BILL_ITEMS_DOCTOR (VISIT_DATE, VISIT_NO, ITEM_NO, ITEM_CLASS, ITEM_CODE, ITEM_NAME, ITEM_SPEC, AMOUNT, UNITS, PERFORMED_BY, COSTS, CHARGES, DOCTOR_NO) VALUES
(TO_DATE('2026-04-02', 'YYYY-MM-DD'), 2, 1, '2', 'R001', '门诊挂号费', '普通号', 1, '次', 'D01', 5, 5, '3');
INSERT INTO HOSPITAL.OUTP_BILL_ITEMS_DOCTOR (VISIT_DATE, VISIT_NO, ITEM_NO, ITEM_CLASS, ITEM_CODE, ITEM_NAME, ITEM_SPEC, AMOUNT, UNITS, PERFORMED_BY, COSTS, CHARGES, DOCTOR_NO) VALUES
(TO_DATE('2026-04-02', 'YYYY-MM-DD'), 2, 2, '1', 'D001', '阿莫西林胶囊', '0.25g*24粒', 1, '盒', 'D08', 12.5, 12.5, '3');

-- P00005 2026-03-01 就诊费用
INSERT INTO HOSPITAL.OUTP_BILL_ITEMS_DOCTOR (VISIT_DATE, VISIT_NO, ITEM_NO, ITEM_CLASS, ITEM_CODE, ITEM_NAME, ITEM_SPEC, AMOUNT, UNITS, PERFORMED_BY, COSTS, CHARGES, DOCTOR_NO) VALUES
(TO_DATE('2026-03-01', 'YYYY-MM-DD'), 1, 1, '2', 'R002', '专家门诊挂号费', '专家号', 1, '次', 'D01', 20, 20, '1');
INSERT INTO HOSPITAL.OUTP_BILL_ITEMS_DOCTOR (VISIT_DATE, VISIT_NO, ITEM_NO, ITEM_CLASS, ITEM_CODE, ITEM_NAME, ITEM_SPEC, AMOUNT, UNITS, PERFORMED_BY, COSTS, CHARGES, DOCTOR_NO) VALUES
(TO_DATE('2026-03-01', 'YYYY-MM-DD'), 1, 2, '3', 'C001', '血常规', '全血细胞分析', 1, '次', 'D02', 25, 25, '1');
INSERT INTO HOSPITAL.OUTP_BILL_ITEMS_DOCTOR (VISIT_DATE, VISIT_NO, ITEM_NO, ITEM_CLASS, ITEM_CODE, ITEM_NAME, ITEM_SPEC, AMOUNT, UNITS, PERFORMED_BY, COSTS, CHARGES, DOCTOR_NO) VALUES
(TO_DATE('2026-03-01', 'YYYY-MM-DD'), 1, 3, '3', 'C002', '肝功能检查', '全套', 1, '次', 'D02', 80, 80, '1');
INSERT INTO HOSPITAL.OUTP_BILL_ITEMS_DOCTOR (VISIT_DATE, VISIT_NO, ITEM_NO, ITEM_CLASS, ITEM_CODE, ITEM_NAME, ITEM_SPEC, AMOUNT, UNITS, PERFORMED_BY, COSTS, CHARGES, DOCTOR_NO) VALUES
(TO_DATE('2026-03-01', 'YYYY-MM-DD'), 1, 4, '1', 'D002', '头孢克肟片', '100mg*12片', 1, '盒', 'D08', 28, 28, '1');

-- P00006 2026-03-10 就诊费用
INSERT INTO HOSPITAL.OUTP_BILL_ITEMS_DOCTOR (VISIT_DATE, VISIT_NO, ITEM_NO, ITEM_CLASS, ITEM_CODE, ITEM_NAME, ITEM_SPEC, AMOUNT, UNITS, PERFORMED_BY, COSTS, CHARGES, DOCTOR_NO) VALUES
(TO_DATE('2026-03-10', 'YYYY-MM-DD'), 1, 1, '2', 'R001', '门诊挂号费', '普通号', 1, '次', 'D08', 5, 5, '2');
INSERT INTO HOSPITAL.OUTP_BILL_ITEMS_DOCTOR (VISIT_DATE, VISIT_NO, ITEM_NO, ITEM_CLASS, ITEM_CODE, ITEM_NAME, ITEM_SPEC, AMOUNT, UNITS, PERFORMED_BY, COSTS, CHARGES, DOCTOR_NO) VALUES
(TO_DATE('2026-03-10', 'YYYY-MM-DD'), 1, 2, '1', 'D003', '布洛芬缓释胶囊', '0.3g*20粒', 2, '盒', 'D08', 30, 30, '2');
INSERT INTO HOSPITAL.OUTP_BILL_ITEMS_DOCTOR (VISIT_DATE, VISIT_NO, ITEM_NO, ITEM_CLASS, ITEM_CODE, ITEM_NAME, ITEM_SPEC, AMOUNT, UNITS, PERFORMED_BY, COSTS, CHARGES, DOCTOR_NO) VALUES
(TO_DATE('2026-03-10', 'YYYY-MM-DD'), 1, 3, '3', 'C001', '血常规', '全血细胞分析', 1, '次', 'D02', 25, 25, '2');

-- P00007 2026-03-20 就诊费用
INSERT INTO HOSPITAL.OUTP_BILL_ITEMS_DOCTOR (VISIT_DATE, VISIT_NO, ITEM_NO, ITEM_CLASS, ITEM_CODE, ITEM_NAME, ITEM_SPEC, AMOUNT, UNITS, PERFORMED_BY, COSTS, CHARGES, DOCTOR_NO) VALUES
(TO_DATE('2026-03-20', 'YYYY-MM-DD'), 1, 1, '2', 'R001', '门诊挂号费', '普通号', 1, '次', 'D01', 5, 5, '2');
INSERT INTO HOSPITAL.OUTP_BILL_ITEMS_DOCTOR (VISIT_DATE, VISIT_NO, ITEM_NO, ITEM_CLASS, ITEM_CODE, ITEM_NAME, ITEM_SPEC, AMOUNT, UNITS, PERFORMED_BY, COSTS, CHARGES, DOCTOR_NO) VALUES
(TO_DATE('2026-03-20', 'YYYY-MM-DD'), 1, 2, '1', 'D001', '阿莫西林胶囊', '0.25g*24粒', 1, '盒', 'D08', 12.5, 12.5, '2');

-- P00007 2026-04-28 就诊费用
INSERT INTO HOSPITAL.OUTP_BILL_ITEMS_DOCTOR (VISIT_DATE, VISIT_NO, ITEM_NO, ITEM_CLASS, ITEM_CODE, ITEM_NAME, ITEM_SPEC, AMOUNT, UNITS, PERFORMED_BY, COSTS, CHARGES, DOCTOR_NO) VALUES
(TO_DATE('2026-04-28', 'YYYY-MM-DD'), 1, 1, '2', 'R001', '门诊挂号费', '普通号', 1, '次', 'D01', 5, 5, '1');

-- P00008 2026-04-05 就诊费用
INSERT INTO HOSPITAL.OUTP_BILL_ITEMS_DOCTOR (VISIT_DATE, VISIT_NO, ITEM_NO, ITEM_CLASS, ITEM_CODE, ITEM_NAME, ITEM_SPEC, AMOUNT, UNITS, PERFORMED_BY, COSTS, CHARGES, DOCTOR_NO) VALUES
(TO_DATE('2026-04-05', 'YYYY-MM-DD'), 1, 1, '2', 'R002', '专家门诊挂号费', '专家号', 1, '次', 'D01', 20, 20, '3');
INSERT INTO HOSPITAL.OUTP_BILL_ITEMS_DOCTOR (VISIT_DATE, VISIT_NO, ITEM_NO, ITEM_CLASS, ITEM_CODE, ITEM_NAME, ITEM_SPEC, AMOUNT, UNITS, PERFORMED_BY, COSTS, CHARGES, DOCTOR_NO) VALUES
(TO_DATE('2026-04-05', 'YYYY-MM-DD'), 1, 2, '3', 'C002', '肝功能检查', '全套', 1, '次', 'D02', 80, 80, '3');

-- P00009 2026-04-16 就诊费用
INSERT INTO HOSPITAL.OUTP_BILL_ITEMS_DOCTOR (VISIT_DATE, VISIT_NO, ITEM_NO, ITEM_CLASS, ITEM_CODE, ITEM_NAME, ITEM_SPEC, AMOUNT, UNITS, PERFORMED_BY, COSTS, CHARGES, DOCTOR_NO) VALUES
(TO_DATE('2026-04-16', 'YYYY-MM-DD'), 1, 1, '2', 'R001', '门诊挂号费', '普通号', 1, '次', 'D01', 5, 5, '2');
INSERT INTO HOSPITAL.OUTP_BILL_ITEMS_DOCTOR (VISIT_DATE, VISIT_NO, ITEM_NO, ITEM_CLASS, ITEM_CODE, ITEM_NAME, ITEM_SPEC, AMOUNT, UNITS, PERFORMED_BY, COSTS, CHARGES, DOCTOR_NO) VALUES
(TO_DATE('2026-04-16', 'YYYY-MM-DD'), 1, 2, '1', 'D004', '盐酸曲马多片', '50mg*10片', 1, '盒', 'D08', 35, 35, '2');

-- P00010 2026-05-06 就诊费用
INSERT INTO HOSPITAL.OUTP_BILL_ITEMS_DOCTOR (VISIT_DATE, VISIT_NO, ITEM_NO, ITEM_CLASS, ITEM_CODE, ITEM_NAME, ITEM_SPEC, AMOUNT, UNITS, PERFORMED_BY, COSTS, CHARGES, DOCTOR_NO) VALUES
(TO_DATE('2026-05-06', 'YYYY-MM-DD'), 1, 1, '2', 'R002', '专家门诊挂号费', '专家号', 1, '次', 'D01', 20, 20, '1');
INSERT INTO HOSPITAL.OUTP_BILL_ITEMS_DOCTOR (VISIT_DATE, VISIT_NO, ITEM_NO, ITEM_CLASS, ITEM_CODE, ITEM_NAME, ITEM_SPEC, AMOUNT, UNITS, PERFORMED_BY, COSTS, CHARGES, DOCTOR_NO) VALUES
(TO_DATE('2026-05-06', 'YYYY-MM-DD'), 1, 2, '1', 'D002', '头孢克肟片', '100mg*12片', 2, '盒', 'D08', 56, 56, '1');
INSERT INTO HOSPITAL.OUTP_BILL_ITEMS_DOCTOR (VISIT_DATE, VISIT_NO, ITEM_NO, ITEM_CLASS, ITEM_CODE, ITEM_NAME, ITEM_SPEC, AMOUNT, UNITS, PERFORMED_BY, COSTS, CHARGES, DOCTOR_NO) VALUES
(TO_DATE('2026-05-06', 'YYYY-MM-DD'), 1, 3, '3', 'C001', '血常规', '全血细胞分析', 1, '次', 'D02', 25, 25, '1');
INSERT INTO HOSPITAL.OUTP_BILL_ITEMS_DOCTOR (VISIT_DATE, VISIT_NO, ITEM_NO, ITEM_CLASS, ITEM_CODE, ITEM_NAME, ITEM_SPEC, AMOUNT, UNITS, PERFORMED_BY, COSTS, CHARGES, DOCTOR_NO) VALUES
(TO_DATE('2026-05-06', 'YYYY-MM-DD'), 1, 4, '3', 'C002', '肝功能检查', '全套', 1, '次', 'D02', 80, 80, '1');

-- ===== 3. 诊室候诊排队记录 OUTP_WAIT_QUEUE =====

INSERT INTO HOSPITAL.OUTP_WAIT_QUEUE (REGISTER_DEPT, QUEUE_NAME, QUEUE_SEQUENCE, VISIT_NO, VISIT_DATE, REGISTER_DATE, WORKED_INDICATOR, NAME) VALUES
('D01', '内科诊室1', 1, 1, TO_DATE('2026-05-20', 'YYYY-MM-DD'), TO_DATE('2026-05-20', 'YYYY-MM-DD'), 1, '张三');
INSERT INTO HOSPITAL.OUTP_WAIT_QUEUE (REGISTER_DEPT, QUEUE_NAME, QUEUE_SEQUENCE, VISIT_NO, VISIT_DATE, REGISTER_DATE, WORKED_INDICATOR, NAME) VALUES
('D01', '内科诊室1', 2, 2, TO_DATE('2026-05-20', 'YYYY-MM-DD'), TO_DATE('2026-05-20', 'YYYY-MM-DD'), 0, '李四');
INSERT INTO HOSPITAL.OUTP_WAIT_QUEUE (REGISTER_DEPT, QUEUE_NAME, QUEUE_SEQUENCE, VISIT_NO, VISIT_DATE, REGISTER_DATE, WORKED_INDICATOR, NAME) VALUES
('D01', '内科诊室2', 1, 3, TO_DATE('2026-05-20', 'YYYY-MM-DD'), TO_DATE('2026-05-20', 'YYYY-MM-DD'), 1, '王军');
INSERT INTO HOSPITAL.OUTP_WAIT_QUEUE (REGISTER_DEPT, QUEUE_NAME, QUEUE_SEQUENCE, VISIT_NO, VISIT_DATE, REGISTER_DATE, WORKED_INDICATOR, NAME) VALUES
('D02', '外科诊室1', 1, 1, TO_DATE('2026-05-20', 'YYYY-MM-DD'), TO_DATE('2026-05-20', 'YYYY-MM-DD'), 1, '刘丽');
INSERT INTO HOSPITAL.OUTP_WAIT_QUEUE (REGISTER_DEPT, QUEUE_NAME, QUEUE_SEQUENCE, VISIT_NO, VISIT_DATE, REGISTER_DATE, WORKED_INDICATOR, NAME) VALUES
('D02', '外科诊室1', 2, 2, TO_DATE('2026-05-20', 'YYYY-MM-DD'), TO_DATE('2026-05-20', 'YYYY-MM-DD'), 0, '陈华');
INSERT INTO HOSPITAL.OUTP_WAIT_QUEUE (REGISTER_DEPT, QUEUE_NAME, QUEUE_SEQUENCE, VISIT_NO, VISIT_DATE, REGISTER_DATE, WORKED_INDICATOR, NAME) VALUES
('D08', '骨科诊室1', 1, 1, TO_DATE('2026-05-20', 'YYYY-MM-DD'), TO_DATE('2026-05-20', 'YYYY-MM-DD'), 1, '赵刚');
INSERT INTO HOSPITAL.OUTP_WAIT_QUEUE (REGISTER_DEPT, QUEUE_NAME, QUEUE_SEQUENCE, VISIT_NO, VISIT_DATE, REGISTER_DATE, WORKED_INDICATOR, NAME) VALUES
('D01', '内科诊室1', 1, 1, TO_DATE('2026-05-21', 'YYYY-MM-DD'), TO_DATE('2026-05-21', 'YYYY-MM-DD'), 0, '周明');
INSERT INTO HOSPITAL.OUTP_WAIT_QUEUE (REGISTER_DEPT, QUEUE_NAME, QUEUE_SEQUENCE, VISIT_NO, VISIT_DATE, REGISTER_DATE, WORKED_INDICATOR, NAME) VALUES
('D01', '内科诊室1', 2, 2, TO_DATE('2026-05-21', 'YYYY-MM-DD'), TO_DATE('2026-05-21', 'YYYY-MM-DD'), 0, '孙芳');

-- ===== 4. 科室常用药品 DEPT_COMMON_DRUG =====

INSERT INTO HOSPITAL.DEPT_COMMON_DRUG (DIANOSIS, DRUG_CODE, DEPT_CODE) VALUES
('急性支气管炎', 'D001', 'D01');
INSERT INTO HOSPITAL.DEPT_COMMON_DRUG (DIANOSIS, DRUG_CODE, DEPT_CODE) VALUES
('急性支气管炎', 'D002', 'D01');
INSERT INTO HOSPITAL.DEPT_COMMON_DRUG (DIANOSIS, DRUG_CODE, DEPT_CODE) VALUES
('高血压病', 'D003', 'D01');
INSERT INTO HOSPITAL.DEPT_COMMON_DRUG (DIANOSIS, DRUG_CODE, DEPT_CODE) VALUES
('急性胃肠炎', 'D001', 'D01');
INSERT INTO HOSPITAL.DEPT_COMMON_DRUG (DIANOSIS, DRUG_CODE, DEPT_CODE) VALUES
('关节炎', 'D003', 'D08');
INSERT INTO HOSPITAL.DEPT_COMMON_DRUG (DIANOSIS, DRUG_CODE, DEPT_CODE) VALUES
('腰椎间盘突出症', 'D004', 'D08');
INSERT INTO HOSPITAL.DEPT_COMMON_DRUG (DIANOSIS, DRUG_CODE, DEPT_CODE) VALUES
('COPD', 'D002', 'D01');
INSERT INTO HOSPITAL.DEPT_COMMON_DRUG (DIANOSIS, DRUG_CODE, DEPT_CODE) VALUES
('冠心病', 'D001', 'D01');

-- ===== 5. 治疗方案模板主记录 TREAT_PROJECT_MASTER =====

INSERT INTO HOSPITAL.TREAT_PROJECT_MASTER (TREAT_PROJECT_ID, TITLE, DEPT_CODE, DIAGNOSIS, ADVICE, CREATOR) VALUES
('TP001', '急性支气管炎标准治疗方案', 'D01', '急性支气管炎', '抗生素+对症治疗，疗程5-7天。多饮水，注意休息。', '1');
INSERT INTO HOSPITAL.TREAT_PROJECT_MASTER (TREAT_PROJECT_ID, TITLE, DEPT_CODE, DIAGNOSIS, ADVICE, CREATOR) VALUES
('TP002', '高血压病初诊方案', 'D01', '高血压病', '低盐低脂饮食，适当运动，规律服药，定期监测血压。', '1');
INSERT INTO HOSPITAL.TREAT_PROJECT_MASTER (TREAT_PROJECT_ID, TITLE, DEPT_CODE, DIAGNOSIS, ADVICE, CREATOR) VALUES
('TP003', '腰椎间盘突出保守方案', 'D08', '腰椎间盘突出症', '卧硬板床休息2周，物理治疗，避免负重。', '1');
INSERT INTO HOSPITAL.TREAT_PROJECT_MASTER (TREAT_PROJECT_ID, TITLE, DEPT_CODE, DIAGNOSIS, ADVICE, CREATOR) VALUES
('TP004', '慢性肾炎复诊方案', 'D01', '慢性肾小球肾炎', '低盐低蛋白饮食，控制血压，定期复查尿常规及肾功能。', '3');

-- ===== 6. 治疗方案模板明细 TREAT_PROJECT_ITEMS =====

-- TP001 急性支气管炎标准治疗方案
INSERT INTO HOSPITAL.TREAT_PROJECT_ITEMS (TREAT_PROJECT_ID, ITEM_NO, ORDER_CLASS, ORDER_TEXT, ORDER_CODE, AMOUNT, SPEC, UNITS, DOSAGE, ADMINISTRATION, FREQUENCY) VALUES
('TP001', 1, 'A', '阿莫西林胶囊', 'D001', 2, '0.25g*24粒', '盒', 0.5, '口服', 'TID');
INSERT INTO HOSPITAL.TREAT_PROJECT_ITEMS (TREAT_PROJECT_ID, ITEM_NO, ORDER_CLASS, ORDER_TEXT, ORDER_CODE, AMOUNT, SPEC, UNITS, DOSAGE, ADMINISTRATION, FREQUENCY) VALUES
('TP001', 2, 'A', '布洛芬缓释胶囊', 'D003', 1, '0.3g*20粒', '盒', 0.3, '口服', 'QD');
INSERT INTO HOSPITAL.TREAT_PROJECT_ITEMS (TREAT_PROJECT_ID, ITEM_NO, ORDER_CLASS, ORDER_TEXT, ORDER_CODE, AMOUNT, SPEC, UNITS, DOSAGE, ADMINISTRATION, FREQUENCY) VALUES
('TP001', 3, 'B', '血常规', 'C001', 1, '全血细胞分析', '次', NULL, NULL, NULL);

-- TP002 高血压病初诊方案
INSERT INTO HOSPITAL.TREAT_PROJECT_ITEMS (TREAT_PROJECT_ID, ITEM_NO, ORDER_CLASS, ORDER_TEXT, ORDER_CODE, AMOUNT, SPEC, UNITS, DOSAGE, ADMINISTRATION, FREQUENCY) VALUES
('TP002', 1, 'A', '布洛芬缓释胶囊', 'D003', 1, '0.3g*20粒', '盒', 0.3, '口服', 'BID');
INSERT INTO HOSPITAL.TREAT_PROJECT_ITEMS (TREAT_PROJECT_ID, ITEM_NO, ORDER_CLASS, ORDER_TEXT, ORDER_CODE, AMOUNT, SPEC, UNITS, DOSAGE, ADMINISTRATION, FREQUENCY) VALUES
('TP002', 2, 'B', '肝功能检查', 'C002', 1, '全套', '次', NULL, NULL, NULL);
INSERT INTO HOSPITAL.TREAT_PROJECT_ITEMS (TREAT_PROJECT_ID, ITEM_NO, ORDER_CLASS, ORDER_TEXT, ORDER_CODE, AMOUNT, SPEC, UNITS, DOSAGE, ADMINISTRATION, FREQUENCY) VALUES
('TP002', 3, 'C', '低盐低脂饮食指导', NULL, NULL, NULL, NULL, NULL, NULL, NULL);

-- TP003 腰椎间盘突出保守方案
INSERT INTO HOSPITAL.TREAT_PROJECT_ITEMS (TREAT_PROJECT_ID, ITEM_NO, ORDER_CLASS, ORDER_TEXT, ORDER_CODE, AMOUNT, SPEC, UNITS, DOSAGE, ADMINISTRATION, FREQUENCY) VALUES
('TP003', 1, 'A', '盐酸曲马多片', 'D004', 1, '50mg*10片', '盒', 50, '口服', 'TID');
INSERT INTO HOSPITAL.TREAT_PROJECT_ITEMS (TREAT_PROJECT_ID, ITEM_NO, ORDER_CLASS, ORDER_TEXT, ORDER_CODE, AMOUNT, SPEC, UNITS, DOSAGE, ADMINISTRATION, FREQUENCY) VALUES
('TP003', 2, 'D', '腰椎牵引', NULL, 10, NULL, '次', NULL, NULL, 'QD');
INSERT INTO HOSPITAL.TREAT_PROJECT_ITEMS (TREAT_PROJECT_ID, ITEM_NO, ORDER_CLASS, ORDER_TEXT, ORDER_CODE, AMOUNT, SPEC, UNITS, DOSAGE, ADMINISTRATION, FREQUENCY) VALUES
('TP003', 3, 'D', '磁疗', NULL, 10, NULL, '次', NULL, NULL, 'QD');
INSERT INTO HOSPITAL.TREAT_PROJECT_ITEMS (TREAT_PROJECT_ID, ITEM_NO, ORDER_CLASS, ORDER_TEXT, ORDER_CODE, AMOUNT, SPEC, UNITS, DOSAGE, ADMINISTRATION, FREQUENCY) VALUES
('TP003', 4, 'C', '卧硬板床休息', NULL, NULL, NULL, NULL, NULL, NULL, NULL);

-- TP004 慢性肾炎复诊方案
INSERT INTO HOSPITAL.TREAT_PROJECT_ITEMS (TREAT_PROJECT_ID, ITEM_NO, ORDER_CLASS, ORDER_TEXT, ORDER_CODE, AMOUNT, SPEC, UNITS, DOSAGE, ADMINISTRATION, FREQUENCY) VALUES
('TP004', 1, 'B', '血常规', 'C001', 1, '全血细胞分析', '次', NULL, NULL, NULL);
INSERT INTO HOSPITAL.TREAT_PROJECT_ITEMS (TREAT_PROJECT_ID, ITEM_NO, ORDER_CLASS, ORDER_TEXT, ORDER_CODE, AMOUNT, SPEC, UNITS, DOSAGE, ADMINISTRATION, FREQUENCY) VALUES
('TP004', 2, 'B', '肝功能检查', 'C002', 1, '全套', '次', NULL, NULL, NULL);
INSERT INTO HOSPITAL.TREAT_PROJECT_ITEMS (TREAT_PROJECT_ID, ITEM_NO, ORDER_CLASS, ORDER_TEXT, ORDER_CODE, AMOUNT, SPEC, UNITS, DOSAGE, ADMINISTRATION, FREQUENCY) VALUES
('TP004', 3, 'C', '低盐低蛋白饮食', NULL, NULL, NULL, NULL, NULL, NULL, NULL);

COMMIT;
